"Keyword","FullName"
"calculator","C:\Users\seand\Documents\GitHub\duka-website\app\components\Calculator\CalculatorForm.tsx"
"calculator","C:\Users\seand\Documents\GitHub\duka-website\lib\data\calculatorConfig.ts"
"calculator","C:\Users\seand\Documents\GitHub\duka-website\node_modules\@fortawesome\free-solid-svg-icons\faCalculator.d.ts"
"calculator","C:\Users\seand\Documents\GitHub\duka-website\node_modules\@fortawesome\free-solid-svg-icons\faCalculator.js"
"calculator","C:\Users\seand\Documents\GitHub\duka-website\node_modules\lucide-react\dist\esm\icons\calculator.js"
"calculator","C:\Users\seand\Documents\GitHub\duka-website\node_modules\lucide-react\dist\esm\icons\calculator.js.map"
"estimate","C:\Users\seand\Documents\GitHub\duka-website\app\components\Calculator\QuickEstimate.tsx"
"estimate","C:\Users\seand\Documents\GitHub\duka-website\app\components\HomePage\EstimateCTA.tsx"
"quote","C:\Users\seand\Documents\GitHub\duka-website\node_modules\@fortawesome\free-solid-svg-icons\faQuoteLeft.d.ts"
"quote","C:\Users\seand\Documents\GitHub\duka-website\node_modules\@fortawesome\free-solid-svg-icons\faQuoteLeft.js"
"quote","C:\Users\seand\Documents\GitHub\duka-website\node_modules\@fortawesome\free-solid-svg-icons\faQuoteLeftAlt.d.ts"
"quote","C:\Users\seand\Documents\GitHub\duka-website\node_modules\@fortawesome\free-solid-svg-icons\faQuoteLeftAlt.js"
"quote","C:\Users\seand\Documents\GitHub\duka-website\node_modules\@fortawesome\free-solid-svg-icons\faQuoteRight.d.ts"
"quote","C:\Users\seand\Documents\GitHub\duka-website\node_modules\@fortawesome\free-solid-svg-icons\faQuoteRight.js"
"quote","C:\Users\seand\Documents\GitHub\duka-website\node_modules\@fortawesome\free-solid-svg-icons\faQuoteRightAlt.d.ts"
"quote","C:\Users\seand\Documents\GitHub\duka-website\node_modules\@fortawesome\free-solid-svg-icons\faQuoteRightAlt.js"
"quote","C:\Users\seand\Documents\GitHub\duka-website\node_modules\@fortawesome\free-solid-svg-icons\faSingleQuoteLeft.d.ts"
"quote","C:\Users\seand\Documents\GitHub\duka-website\node_modules\@fortawesome\free-solid-svg-icons\faSingleQuoteLeft.js"
"quote","C:\Users\seand\Documents\GitHub\duka-website\node_modules\@fortawesome\free-solid-svg-icons\faSingleQuoteRight.d.ts"
"quote","C:\Users\seand\Documents\GitHub\duka-website\node_modules\@fortawesome\free-solid-svg-icons\faSingleQuoteRight.js"
"quote","C:\Users\seand\Documents\GitHub\duka-website\node_modules\aria-query\lib\etc\roles\dpub\docPullquoteRole.js"
"quote","C:\Users\seand\Documents\GitHub\duka-website\node_modules\aria-query\lib\etc\roles\literal\blockquoteRole.js"
"quote","C:\Users\seand\Documents\GitHub\duka-website\node_modules\axobject-query\lib\etc\objects\BlockquoteRole.js"
"quote","C:\Users\seand\Documents\GitHub\duka-website\node_modules\es-abstract\2015\QuoteJSONString.js"
"quote","C:\Users\seand\Documents\GitHub\duka-website\node_modules\es-abstract\2016\QuoteJSONString.js"
"quote","C:\Users\seand\Documents\GitHub\duka-website\node_modules\es-abstract\2017\QuoteJSONString.js"
"quote","C:\Users\seand\Documents\GitHub\duka-website\node_modules\es-abstract\2018\QuoteJSONString.js"
"quote","C:\Users\seand\Documents\GitHub\duka-website\node_modules\es-abstract\2019\QuoteJSONString.js"
"quote","C:\Users\seand\Documents\GitHub\duka-website\node_modules\es-abstract\2020\QuoteJSONString.js"
"quote","C:\Users\seand\Documents\GitHub\duka-website\node_modules\es-abstract\2021\QuoteJSONString.js"
"quote","C:\Users\seand\Documents\GitHub\duka-website\node_modules\es-abstract\2022\QuoteJSONString.js"
"quote","C:\Users\seand\Documents\GitHub\duka-website\node_modules\es-abstract\2023\QuoteJSONString.js"
"quote","C:\Users\seand\Documents\GitHub\duka-website\node_modules\es-abstract\2024\QuoteJSONString.js"
"quote","C:\Users\seand\Documents\GitHub\duka-website\node_modules\es-abstract\2025\QuoteJSONString.js"
"quote","C:\Users\seand\Documents\GitHub\duka-website\node_modules\eslint\lib\rules\jsx-quotes.js"
"quote","C:\Users\seand\Documents\GitHub\duka-website\node_modules\eslint\lib\rules\quote-props.js"
"quote","C:\Users\seand\Documents\GitHub\duka-website\node_modules\eslint\lib\rules\quotes.js"
"quote","C:\Users\seand\Documents\GitHub\duka-website\node_modules\lucide-react\dist\esm\icons\message-square-quote.js"
"quote","C:\Users\seand\Documents\GitHub\duka-website\node_modules\lucide-react\dist\esm\icons\message-square-quote.js.map"
"quote","C:\Users\seand\Documents\GitHub\duka-website\node_modules\lucide-react\dist\esm\icons\quote.js"
"quote","C:\Users\seand\Documents\GitHub\duka-website\node_modules\lucide-react\dist\esm\icons\quote.js.map"
"quote","C:\Users\seand\Documents\GitHub\duka-website\node_modules\lucide-react\dist\esm\icons\text-quote.js"
"quote","C:\Users\seand\Documents\GitHub\duka-website\node_modules\lucide-react\dist\esm\icons\text-quote.js.map"
"quote","C:\Users\seand\Documents\GitHub\duka-website\node_modules\object-inspect\test\quoteStyle.js"
"pricing","C:\Users\seand\Documents\GitHub\duka-website\lib\data\pricingData.ts"
